<?xml version="1.0" encoding="UTF-8"?>    <s12:Envelope xmlns:s12="http://www.w3.org/2003/05/soap-envelope" xmlns:ext="http://standards.ieee.org/downloads/11073/11073-10207-2017/extension" xmlns:pm="http://standards.ieee.org/downloads/11073/11073-10207-2017/participant" xmlns:msg="http://standards.ieee.org/downloads/11073/11073-10207-2017/message" xmlns:dpws="http://docs.oasis-open.org/ws-dd/ns/dpws/2009/01" xmlns:wsa="http://www.w3.org/2005/08/addressing" xmlns:wsd="http://docs.oasis-open.org/ws-dd/ns/discovery/2009/01" xmlns:wse="http://schemas.xmlsoap.org/ws/2004/08/eventing" xmlns:wst="http://schemas.xmlsoap.org/ws/2004/09/transfer" xmlns:wsm="http://schemas.xmlsoap.org/ws/2004/09/mex" xmlns:wsdl="http://schemas.xmlsoap.org/wsdl/" xmlns:sdc="http://standards.ieee.org/downloads/11073/11073-20701-2018" xmlns:xsi="http://www.w3.org/2001/XMLSchema-instance">
    <s12:Header>
        <wsa:Action>http://standards.ieee.org/downloads/11073/11073-20701-2018/StateEventService/EpisodicAlertReport</wsa:Action>
        <wsa:MessageID>urn:uuid:6379dd35-795d-47cf-b8d8-b1b414cf488a</wsa:MessageID>
        <wsa:To>http://127.0.0.1:57747/EventSink/NotifyTo/3dbb2663-4c6c-44e0-b449-32637a92a459</wsa:To>
    </s12:Header>
    <s12:Body>
        <msg:EpisodicAlertReport MdibVersion="3" SequenceId="urn:uuid:efea062b-1ba3-4fcc-a41b-05aeac9d7ac4" InstanceId="0">
            <msg:ReportPart>
                <msg:AlertState xsi:type="pm:AlertConditionState" Presence="true" DeterminationTime="1596524780735" ActivationState="On" StateVersion="1" DescriptorHandle="handle_bad_MDC_DEV_SYS_PT_VENT_VMD" DescriptorVersion="0"/>
                <msg:AlertState xsi:type="pm:AlertSignalState" Presence="On" ActivationState="On" StateVersion="1" DescriptorHandle="handle_vis_bad_MDC_DEV_SYS_PT_VENT_VMD" DescriptorVersion="0"/>
            </msg:ReportPart>
        </msg:EpisodicAlertReport>
    </s12:Body>
</s12:Envelope>
