<?xml version="1.0" encoding="UTF-8"?>    <s12:Envelope xmlns:s12="http://www.w3.org/2003/05/soap-envelope" xmlns:ext="http://standards.ieee.org/downloads/11073/11073-10207-2017/extension" xmlns:pm="http://standards.ieee.org/downloads/11073/11073-10207-2017/participant" xmlns:msg="http://standards.ieee.org/downloads/11073/11073-10207-2017/message" xmlns:dpws="http://docs.oasis-open.org/ws-dd/ns/dpws/2009/01" xmlns:wsa="http://www.w3.org/2005/08/addressing" xmlns:wsd="http://docs.oasis-open.org/ws-dd/ns/discovery/2009/01" xmlns:wse="http://schemas.xmlsoap.org/ws/2004/08/eventing" xmlns:wst="http://schemas.xmlsoap.org/ws/2004/09/transfer" xmlns:wsm="http://schemas.xmlsoap.org/ws/2004/09/mex" xmlns:wsdl="http://schemas.xmlsoap.org/wsdl/" xmlns:sdc="http://standards.ieee.org/downloads/11073/11073-20701-2018" xmlns:xsi="http://www.w3.org/2001/XMLSchema-instance">
    <s12:Header>
        <wsa:Action>http://standards.ieee.org/downloads/11073/11073-20701-2018/StateEventService/EpisodicMetricReport</wsa:Action>
        <wsa:MessageID>urn:uuid:fab81dc3-adea-4bee-b44e-55fe4c48328d</wsa:MessageID>
        <wsa:To>http://127.0.0.1:57747/EventSink/NotifyTo/3dbb2663-4c6c-44e0-b449-32637a92a459</wsa:To>
    </s12:Header>
    <s12:Body>
        <msg:EpisodicMetricReport MdibVersion="4" SequenceId="urn:uuid:efea062b-1ba3-4fcc-a41b-05aeac9d7ac4" InstanceId="0">
            <msg:ReportPart>
                <msg:MetricState xsi:type="pm:EnumStringMetricState" ActivationState="On" StateVersion="2" DescriptorHandle="handle_MDC_VENT_MODE" DescriptorVersion="0">
                    <pm:MetricValue Value="vent-mode-simv" DeterminationTime="1596524780769">
                        <pm:MetricQuality Validity="Inv" Mode="Demo"/>
                    </pm:MetricValue>
                </msg:MetricState>
            </msg:ReportPart>
        </msg:EpisodicMetricReport>
    </s12:Body>
</s12:Envelope>
