<?xml version="1.0" encoding="UTF-8"?>    <s12:Envelope xmlns:s12="http://www.w3.org/2003/05/soap-envelope" xmlns:ext="http://standards.ieee.org/downloads/11073/11073-10207-2017/extension" xmlns:pm="http://standards.ieee.org/downloads/11073/11073-10207-2017/participant" xmlns:msg="http://standards.ieee.org/downloads/11073/11073-10207-2017/message" xmlns:wsa="http://www.w3.org/2005/08/addressing" xmlns:dpws="http://docs.oasis-open.org/ws-dd/ns/dpws/2009/01" xmlns:wsd="http://docs.oasis-open.org/ws-dd/ns/discovery/2009/01" xmlns:wse="http://schemas.xmlsoap.org/ws/2004/08/eventing" xmlns:wst="http://schemas.xmlsoap.org/ws/2004/09/transfer" xmlns:wsm="http://schemas.xmlsoap.org/ws/2004/09/mex" xmlns:wsdl="http://schemas.xmlsoap.org/wsdl/" xmlns:sdc="http://standards.ieee.org/downloads/11073/11073-20701-2018" xmlns:xsi="http://www.w3.org/2001/XMLSchema-instance">
    <s12:Header>
        <wsa:Action>http://schemas.xmlsoap.org/ws/2004/09/mex/GetMetadata/Response</wsa:Action>
        <wsa:MessageID>urn:uuid:4752b970-521c-4166-96d8-3ad78df3433b</wsa:MessageID>
        <wsa:RelatesTo>urn:uuid:1d18b9ac-e605-48aa-830d-01092ad78696</wsa:RelatesTo>
    </s12:Header>
    <s12:Body>
        <wsm:Metadata>
            <wsm:MetadataSection Dialect="http://docs.oasis-open.org/ws-dd/ns/dpws/2009/01/Relationship">
                <dpws:Relationship Type="http://docs.oasis-open.org/ws-dd/ns/dpws/2009/01/host">
                    <dpws:Host>
                        <wsa:EndpointReference>
                            <wsa:Address>urn:uuid:2ec8d54b-78d8-4b96-b265-54880a2bac27</wsa:Address>
                        </wsa:EndpointReference>
                        <dpws:Types xmlns="http://standards.ieee.org/downloads/11073/11073-20702-2016">dpws:Device MedicalDevice</dpws:Types>
                    </dpws:Host>
                    <dpws:Hosted>
                        <wsa:EndpointReference>
                            <wsa:Address>http://127.0.0.1:62369/2ec8d54b-78d8-4b96-b265-54880a2bac27/HighPriorityServices</wsa:Address>
                        </wsa:EndpointReference>
                        <dpws:Types>sdc:GetService sdc:SetService sdc:ContainmentTreeService sdc:ContextService sdc:DescriptionEventService sdc:StateEventService sdc:WaveformService</dpws:Types>
                        <dpws:ServiceId>HighPriorityServices</dpws:ServiceId>
                    </dpws:Hosted>
                </dpws:Relationship>
            </wsm:MetadataSection>
            <wsm:MetadataSection Dialect="http://schemas.xmlsoap.org/wsdl/">
                <wsm:Location>http://127.0.0.1:62369/2ec8d54b-78d8-4b96-b265-54880a2bac27/HighPriorityServices/wsdl</wsm:Location>
            </wsm:MetadataSection>
        </wsm:Metadata>
    </s12:Body>
</s12:Envelope>
