<?xml version="1.0" encoding="UTF-8"?>    <s12:Envelope xmlns:s12="http://www.w3.org/2003/05/soap-envelope" xmlns:ext="http://standards.ieee.org/downloads/11073/11073-10207-2017/extension" xmlns:pm="http://standards.ieee.org/downloads/11073/11073-10207-2017/participant" xmlns:msg="http://standards.ieee.org/downloads/11073/11073-10207-2017/message" xmlns:dpws="http://docs.oasis-open.org/ws-dd/ns/dpws/2009/01" xmlns:wsa="http://www.w3.org/2005/08/addressing" xmlns:wsd="http://docs.oasis-open.org/ws-dd/ns/discovery/2009/01" xmlns:wse="http://schemas.xmlsoap.org/ws/2004/08/eventing" xmlns:wst="http://schemas.xmlsoap.org/ws/2004/09/transfer" xmlns:wsm="http://schemas.xmlsoap.org/ws/2004/09/mex" xmlns:wsdl="http://schemas.xmlsoap.org/wsdl/" xmlns:sdc="http://standards.ieee.org/downloads/11073/11073-20701-2018" xmlns:xsi="http://www.w3.org/2001/XMLSchema-instance">
    <s12:Header>
        <wsa:Action>http://standards.ieee.org/downloads/11073/11073-20701-2018/SetService/SetString</wsa:Action>
        <wsa:MessageID>urn:uuid:2a39c8d7-20b5-48e7-907f-5363611797af</wsa:MessageID>
    </s12:Header>
    <s12:Body>
        <msg:SetString>
            <msg:OperationHandleRef>handle_set_MDC_DEV_SYS_PT_VENT_VMD</msg:OperationHandleRef>
            <msg:RequestedStringValue>vent-mode-cpap</msg:RequestedStringValue>
        </msg:SetString>
    </s12:Body>
</s12:Envelope>
