<?xml version="1.0" encoding="UTF-8"?><msg:GetMdibResponse xmlns:ece="urn:oid:1.3.6.1.4.1.3592.2.23.5.1" xmlns:ext="http://standards.ieee.org/downloads/11073/11073-10207-2017/extension" xmlns:fn="http://www.w3.org/2005/xpath-functions" xmlns:fo="http://www.w3.org/1999/XSL/Format" xmlns:msg="http://standards.ieee.org/downloads/11073/11073-10207-2017/message" xmlns:pm="http://standards.ieee.org/downloads/11073/11073-10207-2017/participant" xmlns:xs="http://www.w3.org/2001/XMLSchema" xmlns:xsi="http://www.w3.org/2001/XMLSchema-instance" xsi:schemaLocation="http://standards.ieee.org/downloads/11073/11073-10207-2017/message BICEPS_MessageModel.xsd" SequenceId="urn:oid:1"><msg:Mdib SequenceId="urn:oid:1"><pm:MdDescription><pm:Mds Handle="mds" SafetyClassification="MedA"><pm:Type Code="70053" SymbolicCodeName="MDC_DEV_PUMP_INFUS_SYRINGE_MDS"><pm:ConceptDescription Lang="en-US">Syringe Pump</pm:ConceptDescription></pm:Type><pm:ProductionSpecification><pm:SpecType Code="68543"><pm:ConceptDescription Lang="en-US">Private Coding Semantics</pm:ConceptDescription></pm:SpecType><pm:ProductionSpec>urn:oid:TBD</pm:ProductionSpec></pm:ProductionSpecification><pm:AlertSystem SafetyClassification="MedA" Handle="Asys.mds" SelfCheckPeriod="PT10S"><pm:AlertCondition Handle="3" SafetyClassification="MedA" Kind="Tec" Priority="Me"><pm:Type Code="197212" SymbolicCodeName="MDC_EVT_SYRINGE_PATIENT_PRESSURE_HI"><pm:ConceptDescription Lang="en-US">MDC_EVT_SYRINGE_PATIENT_PRESSURE_HI</pm:ConceptDescription></pm:Type><pm:Source>mds</pm:Source></pm:AlertCondition><pm:AlertCondition Handle="ploopAlert" SafetyClassification="MedA" Kind="Tec" Priority="Me"><pm:Type Code="197214" SymbolicCodeName="MDC_EVT_SYRINGE_PLUNGER_POSITION"><pm:ConceptDescription Lang="en-US">MDC_EVT_SYRINGE_PLUNGER_POSITION</pm:ConceptDescription></pm:Type><pm:Source>syinfochan</pm:Source></pm:AlertCondition><pm:AlertCondition Handle="5" SafetyClassification="MedA" Kind="Tec" Priority="Me"><pm:Type Code="197216" SymbolicCodeName="MDC_EVT_SYRINGE_FLANGE_POSITION"><pm:ConceptDescription Lang="en-US">MDC_EVT_SYRINGE_FLANGE_POSITION</pm:ConceptDescription></pm:Type><pm:Source>mds</pm:Source></pm:AlertCondition><pm:AlertCondition Handle="6" SafetyClassification="MedA" Kind="Tec" Priority="Me"><pm:Type Code="197218" SymbolicCodeName="MDC_EVT_SYRINGE_BARREL_CAPTURE_FAULT"><pm:ConceptDescription Lang="en-US">MDC_EVT_SYRINGE_BARREL_CAPTURE_FAULT</pm:ConceptDescription></pm:Type><pm:Source>mds</pm:Source></pm:AlertCondition><pm:AlertCondition Handle="7" SafetyClassification="MedA" Kind="Tec" Priority="Me"><pm:Type Code="197220" SymbolicCodeName="MDC_EVT_SYRINGE_PRESSURE_DISC_POSITION"><pm:ConceptDescription Lang="en-US">MDC_EVT_SYRINGE_PRESSURE_DISC_POSITION</pm:ConceptDescription></pm:Type><pm:Source>mds</pm:Source></pm:AlertCondition><pm:AlertCondition Handle="8" SafetyClassification="MedA" Kind="Tec" Priority="Me"><pm:Type Code="197224" SymbolicCodeName="MDC_EVT_SYRINGE_END_OF_TRAVEL"><pm:ConceptDescription Lang="en-US">MDC_EVT_SYRINGE_END_OF_TRAVEL</pm:ConceptDescription></pm:Type><pm:Source>mds</pm:Source></pm:AlertCondition><pm:AlertCondition Handle="9" SafetyClassification="MedA" Kind="Tec" Priority="Me"><pm:Type Code="197226" SymbolicCodeName="MDC_EVT_SYRINGE_EMPTY"><pm:ConceptDescription Lang="en-US">MDC_EVT_SYRINGE_EMPTY</pm:ConceptDescription></pm:Type><pm:Source>mds</pm:Source></pm:AlertCondition><pm:AlertCondition Handle="10" SafetyClassification="MedA" Kind="Tec" Priority="Me"><pm:Type Code="197244" SymbolicCodeName="MDC_EVT_KVO"><pm:ConceptDescription Lang="en-US">MDC_EVT_KVO</pm:ConceptDescription></pm:Type><pm:Source>mds</pm:Source></pm:AlertCondition><pm:AlertCondition Handle="11" SafetyClassification="MedA" Kind="Tec" Priority="Me"><pm:Type Code="197248" SymbolicCodeName="MDC_EVT_TIME_PD_DELIV_NEAR_COMP"><pm:ConceptDescription Lang="en-US">MDC_EVT_TIME_PD_DELIV_NEAR_COMP</pm:ConceptDescription></pm:Type><pm:Source>mds</pm:Source></pm:AlertCondition><pm:AlertCondition Handle="12" SafetyClassification="MedA" Kind="Tec" Priority="Me"><pm:Type Code="197254" SymbolicCodeName="MDC_EVT_SYRINGE_ABSENT"><pm:ConceptDescription Lang="en-US">MDC_EVT_SYRINGE_ABSENT</pm:ConceptDescription></pm:Type><pm:Source>mds</pm:Source></pm:AlertCondition><pm:AlertCondition Handle="13" SafetyClassification="MedA" Kind="Tec" Priority="Me"><pm:Type Code="197256" SymbolicCodeName="MDC_EVT_SYRINGE_DISENGAGED"><pm:ConceptDescription Lang="en-US">MDC_EVT_SYRINGE_DISENGAGED</pm:ConceptDescription></pm:Type><pm:Source>mds</pm:Source></pm:AlertCondition><pm:AlertCondition Handle="14" SafetyClassification="MedA" Kind="Tec" Priority="Me"><pm:Type Code="197250" SymbolicCodeName="MDC_EVT_VOLUME_LIMIT"><pm:ConceptDescription Lang="en-US">MDC_EVT_VOLUME_LIMIT</pm:ConceptDescription></pm:Type><pm:Source>mds</pm:Source></pm:AlertCondition><pm:AlertCondition Handle="15" SafetyClassification="MedA" Kind="Tec" Priority="Me"><pm:Type Code="197272" SymbolicCodeName="MDC_EVT_BOLUS_CANCELLED"><pm:ConceptDescription Lang="en-US">MDC_EVT_BOLUS_CANCELLED</pm:ConceptDescription></pm:Type><pm:Source>mds</pm:Source></pm:AlertCondition><pm:AlertCondition Handle="16" SafetyClassification="MedA" Kind="Tec" Priority="Me"><pm:Type Code="197274" SymbolicCodeName="MDC_EVT_PUMP_FLOW_FREE_RISK"><pm:ConceptDescription Lang="en-US">MDC_EVT_PUMP_FLOW_FREE_RISK</pm:ConceptDescription></pm:Type><pm:Source>mds</pm:Source></pm:AlertCondition><pm:AlertCondition Handle="17" SafetyClassification="MedA" Kind="Tec" Priority="Me"><pm:Type Code="197288" SymbolicCodeName="MDC_EVT_PUMP_DELIV_START"><pm:ConceptDescription Lang="en-US">MDC_EVT_PUMP_DELIV_START</pm:ConceptDescription></pm:Type><pm:Source>mds</pm:Source></pm:AlertCondition><pm:AlertCondition Handle="18" SafetyClassification="MedA" Kind="Tec" Priority="Me"><pm:Type Code="197290" SymbolicCodeName="MDC_EVT_PUMP_DELIV_STOP"><pm:ConceptDescription Lang="en-US">MDC_EVT_PUMP_DELIV_STOP</pm:ConceptDescription></pm:Type><pm:Source>mds</pm:Source></pm:AlertCondition><pm:AlertCondition Handle="19" SafetyClassification="MedA" Kind="Tec" Priority="Me"><pm:Type Code="197292" SymbolicCodeName="MDC_EVT_PUMP_DELIV_COMP"><pm:ConceptDescription Lang="en-US">MDC_EVT_PUMP_DELIV_COMP</pm:ConceptDescription></pm:Type><pm:Source>mds</pm:Source></pm:AlertCondition><pm:AlertCondition Handle="20" SafetyClassification="MedA" Kind="Tec" Priority="Me"><pm:Type Code="197296" SymbolicCodeName="MDC_EVT_PUMP_PROG_CLEARED"><pm:ConceptDescription Lang="en-US">MDC_EVT_PUMP_PROG_CLEARED</pm:ConceptDescription></pm:Type><pm:Source>mds</pm:Source></pm:AlertCondition><pm:AlertCondition Handle="21" SafetyClassification="MedA" Kind="Tec" Priority="Me"><pm:Type Code="197298" SymbolicCodeName="MDC_EVT_PUMP_AUTO_PROG_CLEARED"><pm:ConceptDescription Lang="en-US">MDC_EVT_PUMP_AUTO_PROG_CLEARED</pm:ConceptDescription></pm:Type><pm:Source>mds</pm:Source></pm:AlertCondition><pm:AlertCondition Handle="22" SafetyClassification="MedA" Kind="Tec" Priority="Me"><pm:Type Code="197306" SymbolicCodeName="MDC_EVT_PUMP_VOL_COUNTERS_CLEARED"><pm:ConceptDescription Lang="en-US">MDC_EVT_PUMP_VOL_COUNTERS_CLEARED</pm:ConceptDescription></pm:Type><pm:Source>mds</pm:Source></pm:AlertCondition><pm:AlertCondition Handle="23" SafetyClassification="MedA" Kind="Tec" Priority="Me"><pm:Type Code="197308" SymbolicCodeName="MDC_EVT_DEVICE_TIME_CHANGED"><pm:ConceptDescription Lang="en-US">MDC_EVT_DEVICE_TIME_CHANGED</pm:ConceptDescription></pm:Type><pm:Source>mds</pm:Source></pm:AlertCondition><pm:AlertCondition Handle="24" SafetyClassification="MedA" Kind="Tec" Priority="Me"><pm:Type Code="197310" SymbolicCodeName="MDC_EVT_FLUID_LINE_OCCLUSION_ TEST_FAIL"><pm:ConceptDescription Lang="en-US">MDC_EVT_FLUID_LINE_OCCLUSION_ TEST_FAIL</pm:ConceptDescription></pm:Type><pm:Source>mds</pm:Source></pm:AlertCondition><pm:AlertCondition Handle="25" SafetyClassification="MedA" Kind="Tec" Priority="Me"><pm:Type Code="197350" SymbolicCodeName="MDC_EVT_DELAY_IMPOSSIBLE"><pm:ConceptDescription Lang="en-US">MDC_EVT_DELAY_IMPOSSIBLE</pm:ConceptDescription></pm:Type><pm:Source>mds</pm:Source></pm:AlertCondition><pm:AlertCondition Handle="26" SafetyClassification="MedA" Kind="Tec" Priority="Me"><pm:Type Code="197356" SymbolicCodeName="MDC_EVT_PATIENT_PARAMETER_CHANGE"><pm:ConceptDescription Lang="en-US">MDC_EVT_PATIENT_PARAMETER_CHANGE</pm:ConceptDescription></pm:Type><pm:Source>mds</pm:Source></pm:AlertCondition><pm:AlertCondition Handle="27" SafetyClassification="MedA" Kind="Tec" Priority="Me"><pm:Type Code="197360" SymbolicCodeName="MDC_EVT_FLUID_LINE_OCCL_DOWNSTREAM"><pm:ConceptDescription Lang="en-US">MDC_EVT_FLUID_LINE_OCCL_DOWNSTREAM</pm:ConceptDescription></pm:Type><pm:Source>mds</pm:Source></pm:AlertCondition><pm:AlertCondition Handle="28" SafetyClassification="MedA" Kind="Tec" Priority="Me"><pm:Type Code="197364" SymbolicCodeName="MDC_EVT_FLUID_LINE_AIR_DOWNSTREAM"><pm:ConceptDescription Lang="en-US">MDC_EVT_FLUID_LINE_AIR_DOWNSTREAM</pm:ConceptDescription></pm:Type><pm:Source>mds</pm:Source></pm:AlertCondition></pm:AlertSystem><pm:Sco SafetyClassification="MedA" Handle="29"><pm:Operation SafetyClassification="MedA" Handle="op1" xsi:type="pm:ActivateOperationDescriptor" OperationTarget="pdmMetric" MaxTimeToFinish="PT1S" Retriggerable="true" AccessLevel="Usr"><pm:Type Code="-193819" SymbolicCodeName="MDC_ACT_SELECT_MODE"><pm:ConceptDescription Lang="en-US">Select Mode</pm:ConceptDescription></pm:Type></pm:Operation><pm:Operation SafetyClassification="MedB" Handle="aSetPatW" xsi:type="pm:SetValueOperationDescriptor" OperationTarget="ptWPS" MaxTimeToFinish="PT1S" Retriggerable="false" AccessLevel="Usr"><pm:Type Code="-194074" SymbolicCodeName="MDC_ACT_SET_VALUE"><pm:ConceptDescription Lang="en-US">Set Value</pm:ConceptDescription></pm:Type></pm:Operation><pm:Operation SafetyClassification="MedA" Handle="aSetPatH" xsi:type="pm:SetValueOperationDescriptor" OperationTarget="ptHePS" MaxTimeToFinish="PT1S" Retriggerable="false" AccessLevel="Usr"><pm:Type Code="-194074" SymbolicCodeName="MDC_ACT_SET_VALUE"><pm:ConceptDescription Lang="en-US">Set Value</pm:ConceptDescription></pm:Type></pm:Operation><pm:Operation SafetyClassification="MedA" Handle="aActPro" xsi:type="pm:ActivateOperationDescriptor" OperationTarget="piSrcChan" MaxTimeToFinish="PT1S" Retriggerable="true" AccessLevel="Usr"><pm:Type Code="-060" SymbolicCodeName="MDC_ACT_APPLY_ALL_PRE_SETTINGS"><pm:ConceptDescription Lang="en-US">Apply All Pre-Settings</pm:ConceptDescription></pm:Type></pm:Operation></pm:Sco><pm:SystemContext SafetyClassification="MedA" Handle="sCtxt"><pm:PatientContext SafetyClassification="Inf" Handle="pCtxt"></pm:PatientContext><pm:LocationContext SafetyClassification="MedA" Handle="36"></pm:LocationContext><pm:EnsembleContext SafetyClassification="MedA" Handle="37"></pm:EnsembleContext></pm:SystemContext><pm:Clock Handle="CL.mds0" Resolution="PT0.001S" SafetyClassification="MedA"><pm:TimeProtocol Code="532224" SymbolicCodeName="MDC_TIME_SYNC_NONE"><pm:ConceptDescription Lang="en-US">None</pm:ConceptDescription></pm:TimeProtocol><pm:TimeProtocol Code="532234" SymbolicCodeName="MDC_TIME_SYNC_EBWW"><pm:ConceptDescription Lang="en-US">EBWW</pm:ConceptDescription></pm:TimeProtocol><pm:TimeProtocol Code="532225" SymbolicCodeName="MDC_TIME_SYNC_NTPV3"><pm:ConceptDescription Lang="en-US">NTPV3</pm:ConceptDescription></pm:TimeProtocol></pm:Clock><pm:Vmd SafetyClassification="MedA" Handle="syInfPumpMod"><pm:Type Code="70054" SymbolicCodeName="MDC_DEV_PUMP_INFUS_SYRINGE_VMD"><pm:ConceptDescription Lang="en-US">MDC_DEV_PUMP_INFUS_SYRINGE_VMD</pm:ConceptDescription></pm:Type><pm:Channel SafetyClassification="MedA" Handle="dic"><pm:Type Code="70067" SymbolicCodeName="MDC_DEV_PUMP_DELIVERY_INFO_CHAN"><pm:ConceptDescription Lang="en-US">MDC_DEV_PUMP_DELIVERY_INFO_CHAN</pm:ConceptDescription></pm:Type><pm:Metric xsi:type="pm:EnumStringMetricDescriptor" SafetyClassification="MedA" Handle="infstat" MetricCategory="Msrmt" MetricAvailability="Cont" DerivationMethod="Auto"  ><pm:Type Code="184519" SymbolicCodeName="MDC_PUMP_INFUSING_STATUS"><pm:ConceptDescription Lang="en-US">MDC_PUMP_INFUSING_STATUS</pm:ConceptDescription></pm:Type><pm:Unit Code="262656" SymbolicCodeName="MDC_DIM_DIMLESS"><pm:ConceptDescription Lang="en-US">MDC_DIM_DIMLESS</pm:ConceptDescription></pm:Unit><pm:AllowedValue><pm:Value>pump-status-infusing</pm:Value></pm:AllowedValue><pm:AllowedValue><pm:Value>pump-status-not-infusing</pm:Value></pm:AllowedValue></pm:Metric><pm:Metric xsi:type="pm:NumericMetricDescriptor" SafetyClassification="MedA" Handle="42" MetricCategory="Msrmt" MetricAvailability="Cont" Resolution="1"  DerivationMethod="Auto"  ><pm:Type Code="184519" SymbolicCodeName="MDC_FLOW_FLUID_PUMP_CURRENT"><pm:ConceptDescription Lang="en-US">MDC_FLOW_FLUID_PUMP_CURRENT</pm:ConceptDescription></pm:Type><pm:Unit Code="265266" SymbolicCodeName="MDC_DIM_MILLI_L_PER_HR"><pm:ConceptDescription Lang="en-US">MDC_DIM_MILLI_L_PER_HR</pm:ConceptDescription></pm:Unit></pm:Metric><pm:Metric xsi:type="pm:NumericMetricDescriptor" SafetyClassification="MedA" Handle="43" MetricCategory="Msrmt" MetricAvailability="Cont" Resolution="1"  DerivationMethod="Auto"  ><pm:Type Code="158080" SymbolicCodeName="MDC_VOL_FLUID_DELIV_PUMP_TOTAL"><pm:ConceptDescription Lang="en-US">MDC_VOL_FLUID_DELIV_PUMP_TOTAL</pm:ConceptDescription></pm:Type><pm:Unit Code="263762" SymbolicCodeName="MDC_DIM_MILLI_L"><pm:ConceptDescription Lang="en-US">MDC_DIM_MILLI_L</pm:ConceptDescription></pm:Unit></pm:Metric></pm:Channel><pm:Channel SafetyClassification="MedA" Handle="piSrcChan"><pm:Type Code="70071" SymbolicCodeName="MDC_DEV_PUMP_INFUSATE_SOURCE_PRIMARY_CHAN"><pm:ConceptDescription Lang="en-US">MDC_DEV_PUMP_INFUSATE_SOURCE_PRIMARY_CHAN</pm:ConceptDescription></pm:Type><pm:Metric xsi:type="pm:StringMetricDescriptor" SafetyClassification="MedA" Handle="srcchanLbl" MetricCategory="Msrmt" MetricAvailability="Cont" DerivationMethod="Man"  ><pm:Type Code="158012" SymbolicCodeName="MDC_DEV_PUMP_SOURCE_CHANNEL_LABEL"><pm:ConceptDescription Lang="en-US">MDC_DEV_PUMP_SOURCE_CHANNEL_LABEL</pm:ConceptDescription></pm:Type><pm:Unit Code="262656" SymbolicCodeName="MDC_DIM_DIMLESS"><pm:ConceptDescription Lang="en-US">MDC_DIM_DIMLESS</pm:ConceptDescription></pm:Unit></pm:Metric><pm:Metric xsi:type="pm:EnumStringMetricDescriptor" SafetyClassification="MedA" Handle="46" MetricCategory="Msrmt" MetricAvailability="Cont" DerivationMethod="Auto"  ><pm:Type Code="158009" SymbolicCodeName="MDC_DEV_PUMP_PROGRAM_STATUS"><pm:ConceptDescription Lang="en-US">MDC_DEV_PUMP_PROGRAM_STATUS</pm:ConceptDescription></pm:Type><pm:Unit Code="262656" SymbolicCodeName="MDC_DIM_DIMLESS"><pm:ConceptDescription Lang="en-US">MDC_DIM_DIMLESS</pm:ConceptDescription></pm:Unit><pm:AllowedValue><pm:Value>pump-program-status-active</pm:Value></pm:AllowedValue><pm:AllowedValue><pm:Value>pump-program-status-complete</pm:Value></pm:AllowedValue><pm:AllowedValue><pm:Value>pump-program-status-not-started</pm:Value></pm:AllowedValue></pm:Metric><pm:Metric xsi:type="pm:EnumStringMetricDescriptor" SafetyClassification="MedA" Handle="pdmMetric" MetricCategory="Msrmt" MetricAvailability="Cont" DerivationMethod="Auto"  ><pm:Type Code="158008" SymbolicCodeName="MDC_DEV_PUMP_PROGRAM_DELIVERY_MODE"><pm:ConceptDescription Lang="en-US">MDC_DEV_PUMP_PROGRAM_DELIVERY_MODE</pm:ConceptDescription></pm:Type><pm:Unit Code="262656" SymbolicCodeName="MDC_DIM_DIMLESS"><pm:ConceptDescription Lang="en-US">MDC_DIM_DIMLESS</pm:ConceptDescription></pm:Unit><pm:AllowedValue><pm:Value>pump-program-delivery-mode-continuous</pm:Value></pm:AllowedValue><pm:AllowedValue><pm:Value>pump-program-delivery-mode-multi-dosing</pm:Value></pm:AllowedValue><pm:AllowedValue><pm:Value>pump-program-delivery-mode-multi-step</pm:Value></pm:AllowedValue><pm:AllowedValue><pm:Value>pump-program-delivery-mode-ramp-taper</pm:Value></pm:AllowedValue></pm:Metric><pm:Metric xsi:type="pm:EnumStringMetricDescriptor" SafetyClassification="MedA" Handle="procomMode" MetricCategory="Msrmt" MetricAvailability="Cont" DerivationMethod="Auto"  ><pm:Type Code="158007" SymbolicCodeName="MDC_DEV_PUMP_PROGRAM_COMPLETION_MODE"><pm:ConceptDescription Lang="en-US">MDC_DEV_PUMP_PROGRAM_COMPLETION_MODE</pm:ConceptDescription></pm:Type><pm:Unit Code="262656" SymbolicCodeName="MDC_DIM_DIMLESS"><pm:ConceptDescription Lang="en-US">MDC_DIM_DIMLESS</pm:ConceptDescription></pm:Unit><pm:AllowedValue><pm:Value>pump-program-completion-mode-continue</pm:Value></pm:AllowedValue><pm:AllowedValue><pm:Value>pump-program-completion-mode-kvo</pm:Value></pm:AllowedValue><pm:AllowedValue><pm:Value>pump-program-completion-mode-stop</pm:Value></pm:AllowedValue></pm:Metric><pm:Metric xsi:type="pm:EnumStringMetricDescriptor" SafetyClassification="MedA" Handle="flEn" MetricCategory="Msrmt" MetricAvailability="Cont" DerivationMethod="Man"  ><pm:Type Code="158010" SymbolicCodeName="MDC_DEV_PUMP_FLUSH_ENABLED"><pm:ConceptDescription Lang="en-US">MDC_DEV_PUMP_FLUSH_ENABLED</pm:ConceptDescription></pm:Type><pm:Unit Code="262656" SymbolicCodeName="MDC_DIM_DIMLESS"><pm:ConceptDescription Lang="en-US">MDC_DIM_DIMLESS</pm:ConceptDescription></pm:Unit><pm:AllowedValue><pm:Value>ONNNNNNN</pm:Value></pm:AllowedValue><pm:AllowedValue><pm:Value>OFF</pm:Value></pm:AllowedValue></pm:Metric><pm:Metric xsi:type="pm:EnumStringMetricDescriptor" SafetyClassification="MedA" Handle="drugId" MetricCategory="Msrmt" MetricAvailability="Cont" DerivationMethod="Man"  ><pm:Type Code="184515" SymbolicCodeName="MDC_DRUG_ID"><pm:ConceptDescription Lang="en-US">MDC_DRUG_ID</pm:ConceptDescription></pm:Type><pm:Unit Code="262656" SymbolicCodeName="MDC_DIM_DIMLESS"><pm:ConceptDescription Lang="en-US">MDC_DIM_DIMLESS</pm:ConceptDescription></pm:Unit><pm:AllowedValue><pm:Value>0001</pm:Value></pm:AllowedValue><pm:AllowedValue><pm:Value>0002</pm:Value></pm:AllowedValue><pm:AllowedValue><pm:Value>0001</pm:Value></pm:AllowedValue></pm:Metric><pm:Metric xsi:type="pm:NumericMetricDescriptor" SafetyClassification="MedA" Handle="51" MetricCategory="Msrmt" MetricAvailability="Cont" Resolution="1"  DerivationMethod="Man"  ><pm:Type Code="157760" SymbolicCodeName="MDC_CONC_DRUG"><pm:ConceptDescription Lang="en-US">MDC_CONC_DRUG</pm:ConceptDescription></pm:Type><pm:Unit Code="-1" SymbolicCodeName="_UOM_DOSE_QUAN : CodedValue"><pm:ConceptDescription Lang="en-US">_UOM_DOSE_QUAN : CodedValue</pm:ConceptDescription></pm:Unit></pm:Metric><pm:Metric xsi:type="pm:NumericMetricDescriptor" SafetyClassification="MedA" Handle="drugdoseclin" MetricCategory="Msrmt" MetricAvailability="Cont" Resolution="1"  ><pm:Type Code="158019" SymbolicCodeName="MDC_DOSE_CLINICIAN"><pm:ConceptDescription Lang="en-US">MDC_DOSE_CLINICIAN</pm:ConceptDescription></pm:Type><pm:Unit Code="-1" SymbolicCodeName="_UOM_DOSE_QUAN : CodedValue"><pm:ConceptDescription Lang="en-US">_UOM_DOSE_QUAN : CodedValue</pm:ConceptDescription></pm:Unit></pm:Metric><pm:Metric xsi:type="pm:NumericMetricDescriptor" SafetyClassification="MedA" Handle="53" MetricCategory="Msrmt" MetricAvailability="Cont" Resolution="1"  ><pm:Type Code="157999" SymbolicCodeName="MDC_DOSE_DRUG_TBI"><pm:ConceptDescription Lang="en-US">Programmed dose of drug to be infused.</pm:ConceptDescription></pm:Type><pm:Unit Code="-1" SymbolicCodeName="_UOM_DOSE_QUAN : CodedValue"><pm:ConceptDescription Lang="en-US">_UOM_DOSE_QUAN : CodedValue</pm:ConceptDescription></pm:Unit></pm:Metric><pm:Metric xsi:type="pm:NumericMetricDescriptor" SafetyClassification="MedA" Handle="54" MetricCategory="Msrmt" MetricAvailability="Cont" Resolution="1"  ><pm:Type Code="158000" SymbolicCodeName="MDC_DOSE_DRUG_TBI_REMAIN"><pm:ConceptDescription Lang="en-US">Amount of the programmed dose of drug that is still to be infused.</pm:ConceptDescription></pm:Type><pm:Unit Code="-1" SymbolicCodeName="_UOM_DOSE_QUAN : CodedValue"><pm:ConceptDescription Lang="en-US">_UOM_DOSE_QUAN : CodedValue</pm:ConceptDescription></pm:Unit></pm:Metric><pm:Metric xsi:type="pm:EnumStringMetricDescriptor" SafetyClassification="MedA" Handle="55" MetricCategory="Msrmt" MetricAvailability="Cont" DerivationMethod="Auto"  ><pm:Type Code="158005" SymbolicCodeName="MDC_DEV_PUMP_CURRENT_DELIVERY_STATUS"><pm:ConceptDescription Lang="en-US">MDC_DEV_PUMP_CURRENT_DELIVERY_STATUS</pm:ConceptDescription></pm:Type><pm:Unit Code="262656" SymbolicCodeName="MDC_DIM_DIMLESS"><pm:ConceptDescription Lang="en-US">MDC_DIM_DIMLESS</pm:ConceptDescription></pm:Unit><pm:AllowedValue><pm:Value>pump-program-delivery-mode-ramp-taper</pm:Value></pm:AllowedValue><pm:AllowedValue><pm:Value>pump-program-delivery-mode-continuous</pm:Value></pm:AllowedValue><pm:AllowedValue><pm:Value>pump-program-delivery-mode-multi-dosing</pm:Value></pm:AllowedValue><pm:AllowedValue><pm:Value>pump-program-delivery-mode-multi-step</pm:Value></pm:AllowedValue></pm:Metric><pm:Metric xsi:type="pm:NumericMetricDescriptor" SafetyClassification="MedA" Handle="FlowFluidPumpSet" MetricCategory="Msrmt" MetricAvailability="Cont" Resolution="1"  DerivationMethod="Auto"  ><pm:Type Code="157784" SymbolicCodeName="MDC_FLOW_FLUID_PUMP"><pm:ConceptDescription Lang="en-US">Current pump fluid flow</pm:ConceptDescription></pm:Type><pm:Unit Code="265266" SymbolicCodeName="MDC_DIM_MILLI_L_PER_HR"><pm:ConceptDescription Lang="en-US">MDC_DIM_MILLI_L_PER_HR</pm:ConceptDescription></pm:Unit></pm:Metric><pm:Metric xsi:type="pm:NumericMetricDescriptor" SafetyClassification="MedA" Handle="VolRem" MetricCategory="Msrmt" MetricAvailability="Cont" Resolution="1"  DeterminationPeriod="PT1S"  DerivationMethod="Auto"  ><pm:Type Code="157872" SymbolicCodeName="MDC_VOL_FLUID_TBI_REMAIN"><pm:ConceptDescription Lang="en-US">MDC_VOL_FLUID_TBI_REMAIN</pm:ConceptDescription></pm:Type><pm:Unit Code="263762" SymbolicCodeName="MDC_DIM_MILLI_L"><pm:ConceptDescription Lang="en-US">MDC_DIM_MILLI_L</pm:ConceptDescription></pm:Unit></pm:Metric><pm:Metric xsi:type="pm:NumericMetricDescriptor" SafetyClassification="MedA" Handle="doraSet" MetricCategory="Msrmt" MetricAvailability="Cont" Resolution="1"  DerivationMethod="Man"  ><pm:Type Code="157924" SymbolicCodeName="MDC_RATE_DOSE"><pm:ConceptDescription Lang="en-US">Dose rate</pm:ConceptDescription></pm:Type><pm:Unit Code="-1" SymbolicCodeName="_UOM_DOSE_QUAN : CodedValue"><pm:ConceptDescription Lang="en-US">_UOM_DOSE_QUAN : CodedValue</pm:ConceptDescription></pm:Unit></pm:Metric><pm:Metric xsi:type="pm:NumericMetricDescriptor" SafetyClassification="MedA" Handle="59" MetricCategory="Msrmt" MetricAvailability="Cont" Resolution="1"  ><pm:Type Code="157884" SymbolicCodeName="MDC_VOL_FLUID_TBI"><pm:ConceptDescription Lang="en-US">MDC_VOL_FLUID_TBI</pm:ConceptDescription></pm:Type><pm:Unit Code="263762" SymbolicCodeName="MDC_DIM_MILLI_L"><pm:ConceptDescription Lang="en-US">MDC_DIM_MILLI_L</pm:ConceptDescription></pm:Unit></pm:Metric><pm:Metric xsi:type="pm:NumericMetricDescriptor" SafetyClassification="MedA" Handle="60" MetricCategory="Msrmt" MetricAvailability="Cont" Resolution="1"  ><pm:Type Code="157994" SymbolicCodeName="MDC_VOL_FLUID_CONTAINER_START"><pm:ConceptDescription Lang="en-US">MDC_VOL_FLUID_CONTAINER_START</pm:ConceptDescription></pm:Type><pm:Unit Code="263762" SymbolicCodeName="MDC_DIM_MILLI_L"><pm:ConceptDescription Lang="en-US">MDC_DIM_MILLI_L</pm:ConceptDescription></pm:Unit></pm:Metric><pm:Metric xsi:type="pm:NumericMetricDescriptor" SafetyClassification="MedA" Handle="61" MetricCategory="Msrmt" MetricAvailability="Cont" Resolution="1"  ><pm:Type Code="157995" SymbolicCodeName="MDC_VOL_REMAIN_CONTAINER"><pm:ConceptDescription Lang="en-US">MDC_VOL_REMAIN_CONTAINER</pm:ConceptDescription></pm:Type><pm:Unit Code="263762" SymbolicCodeName="MDC_DIM_MILLI_L"><pm:ConceptDescription Lang="en-US">MDC_DIM_MILLI_L</pm:ConceptDescription></pm:Unit></pm:Metric><pm:Metric xsi:type="pm:NumericMetricDescriptor" SafetyClassification="MedA" Handle="62" MetricCategory="Msrmt" MetricAvailability="Cont" Resolution="1"  DeterminationPeriod="PT1S"  DerivationMethod="Auto"  ><pm:Type Code="158013" SymbolicCodeName="MDC_AMOUNT_DRUG_REMAIN_CONTAINER"><pm:ConceptDescription Lang="en-US">MDC_AMOUNT_DRUG_REMAIN_CONTAINER</pm:ConceptDescription></pm:Type><pm:Unit Code="-1" SymbolicCodeName="_UOM_DOSE_QUAN : CodedValue"><pm:ConceptDescription Lang="en-US">_UOM_DOSE_QUAN : CodedValue</pm:ConceptDescription></pm:Unit></pm:Metric><pm:Metric xsi:type="pm:NumericMetricDescriptor" SafetyClassification="MedA" Handle="63" MetricCategory="Msrmt" MetricAvailability="Cont" Resolution="1"  ><pm:Type Code="157997" SymbolicCodeName="MDC_TIME_PD_REMAIN_CONTAINER"><pm:ConceptDescription Lang="en-US">MDC_TIME_PD_REMAIN_CONTAINER</pm:ConceptDescription></pm:Type><pm:Unit Code="-1" SymbolicCodeName="_UOM_TIME"><pm:ConceptDescription Lang="en-US">_UOM_TIME</pm:ConceptDescription></pm:Unit></pm:Metric><pm:Metric xsi:type="pm:NumericMetricDescriptor" SafetyClassification="MedA" Handle="64" MetricCategory="Msrmt" MetricAvailability="Cont" Resolution="1"  ><pm:Type Code="158014" SymbolicCodeName="MDC_VOL_FLUID_DELIV_SEGMENT"><pm:ConceptDescription Lang="en-US">MDC_VOL_FLUID_DELIV_SEGMENT</pm:ConceptDescription></pm:Type><pm:Unit Code="263762" SymbolicCodeName="MDC_DIM_MILLI_L"><pm:ConceptDescription Lang="en-US">MDC_DIM_MILLI_L</pm:ConceptDescription></pm:Unit></pm:Metric><pm:Metric xsi:type="pm:NumericMetricDescriptor" SafetyClassification="MedA" Handle="65" MetricCategory="Msrmt" MetricAvailability="Cont" Resolution="1"  ><pm:Type Code="158003" SymbolicCodeName="MDC_DOSE_DRUG_DELIV_SEGMENT"><pm:ConceptDescription Lang="en-US">MDC_DOSE_DRUG_DELIV_SEGMENT</pm:ConceptDescription></pm:Type><pm:Unit Code="-1" SymbolicCodeName="_UOM_DOSE_QUAN : CodedValue"><pm:ConceptDescription Lang="en-US">_UOM_DOSE_QUAN : CodedValue</pm:ConceptDescription></pm:Unit></pm:Metric><pm:Metric xsi:type="pm:NumericMetricDescriptor" SafetyClassification="MedA" Handle="ptW" MetricCategory="Msrmt" MetricAvailability="Cont" Resolution="1"  DerivationMethod="Auto"  ><pm:Type Code="68063" SymbolicCodeName="MDC_ATTR_PT_WEIGHT"><pm:ConceptDescription Lang="en-US">Patient weight</pm:ConceptDescription></pm:Type><pm:Unit Code="263875" SymbolicCodeName="MDC_DIM_KILO_G"><pm:ConceptDescription Lang="en-US">kg</pm:ConceptDescription></pm:Unit></pm:Metric><pm:Metric xsi:type="pm:NumericMetricDescriptor" SafetyClassification="MedA" Handle="ptHe" MetricCategory="Msrmt" MetricAvailability="Cont" Resolution="1"  DerivationMethod="Man"  ><pm:Type Code="68060" SymbolicCodeName="MDC_ATTR_PT_HEIGHT"><pm:ConceptDescription Lang="en-US">Patient height</pm:ConceptDescription></pm:Type><pm:Unit Code="263441" SymbolicCodeName="MDC_DIM_CENTI_M"><pm:ConceptDescription Lang="en-US">cm</pm:ConceptDescription></pm:Unit></pm:Metric><pm:Metric xsi:type="pm:NumericMetricDescriptor" SafetyClassification="MedA" Handle="ptHePS" MetricCategory="Msrmt" MetricAvailability="Cont" Resolution="1"  DerivationMethod="Man"  ><pm:Type Code="68060" SymbolicCodeName="MDC_ATTR_PT_HEIGHT"><pm:ConceptDescription Lang="en-US">Patient height</pm:ConceptDescription></pm:Type><pm:Unit Code="263441" SymbolicCodeName="MDC_DIM_CENTI_M"><pm:ConceptDescription Lang="en-US">cm</pm:ConceptDescription></pm:Unit></pm:Metric><pm:Metric xsi:type="pm:NumericMetricDescriptor" SafetyClassification="MedA" Handle="ptWPS" MetricCategory="Msrmt" MetricAvailability="Cont" Resolution="1"  DerivationMethod="Man"  ><pm:Type Code="68063" SymbolicCodeName="MDC_ATTR_PT_WEIGHT"><pm:ConceptDescription Lang="en-US">Patient weight</pm:ConceptDescription></pm:Type><pm:Unit Code="263875" SymbolicCodeName="MDC_DIM_KILO_G"><pm:ConceptDescription Lang="en-US">kg</pm:ConceptDescription></pm:Unit></pm:Metric></pm:Channel><pm:Channel SafetyClassification="MedA" Handle="70"><pm:Type Code="70075" SymbolicCodeName="MDC_DEV_PUMP_INFUSATE_SOURCE_SECONDARY"><pm:ConceptDescription Lang="en-US">MDC_DEV_PUMP_INFUSATE_SOURCE_SECONDARY</pm:ConceptDescription></pm:Type></pm:Channel><pm:Channel SafetyClassification="MedA" Handle="syinfochan"><pm:Type Code="70091" SymbolicCodeName="MDC_DEV_PUMP_SYRINGE_INFO_CHAN"><pm:ConceptDescription Lang="en-US">MDC_DEV_PUMP_SYRINGE_INFO_CHAN</pm:ConceptDescription></pm:Type><pm:Metric xsi:type="pm:EnumStringMetricDescriptor" SafetyClassification="MedA" Handle="72" MetricCategory="Msrmt" MetricAvailability="Cont" DerivationMethod="Man"  ><pm:Type Code="184476" SymbolicCodeName="MDC_SYRINGE_TYPE"><pm:ConceptDescription Lang="en-US">MDC_SYRINGE_TYPE</pm:ConceptDescription></pm:Type><pm:Unit Code="262656" SymbolicCodeName="MDC_DIM_DIMLESS"><pm:ConceptDescription Lang="en-US">MDC_DIM_DIMLESS</pm:ConceptDescription></pm:Unit><pm:AllowedValue><pm:Value>0001</pm:Value></pm:AllowedValue><pm:AllowedValue><pm:Value>0002</pm:Value></pm:AllowedValue><pm:AllowedValue><pm:Value>0003</pm:Value></pm:AllowedValue></pm:Metric><pm:Metric xsi:type="pm:EnumStringMetricDescriptor" SafetyClassification="MedA" Handle="73" MetricCategory="Msrmt" MetricAvailability="Cont" DerivationMethod="Man"  ><pm:Type Code="184488" SymbolicCodeName="MDC_SYRINGE_MANUFACTURER"><pm:ConceptDescription Lang="en-US">MDC_SYRINGE_MANUFACTURER</pm:ConceptDescription></pm:Type><pm:Unit Code="262656" SymbolicCodeName="MDC_DIM_DIMLESS"><pm:ConceptDescription Lang="en-US">MDC_DIM_DIMLESS</pm:ConceptDescription></pm:Unit><pm:AllowedValue><pm:Value>0001</pm:Value></pm:AllowedValue><pm:AllowedValue><pm:Value>0002</pm:Value></pm:AllowedValue><pm:AllowedValue><pm:Value>0003</pm:Value></pm:AllowedValue><pm:AllowedValue><pm:Value>0004</pm:Value></pm:AllowedValue><pm:AllowedValue><pm:Value>0005</pm:Value></pm:AllowedValue><pm:AllowedValue><pm:Value>0006</pm:Value></pm:AllowedValue></pm:Metric><pm:Metric xsi:type="pm:NumericMetricDescriptor" SafetyClassification="MedA" Handle="74" MetricCategory="Msrmt" MetricAvailability="Cont" Resolution="1"  ><pm:Type Code="157880" SymbolicCodeName="MDC_VOL_SYRINGE"><pm:ConceptDescription Lang="en-US">MDC_VOL_SYRINGE</pm:ConceptDescription></pm:Type><pm:Unit Code="263762" SymbolicCodeName="MDC_DIM_MILLI_L"><pm:ConceptDescription Lang="en-US">MDC_DIM_MILLI_L</pm:ConceptDescription></pm:Unit></pm:Metric><pm:Metric xsi:type="pm:NumericMetricDescriptor" SafetyClassification="MedA" Handle="75" MetricCategory="Msrmt" MetricAvailability="Cont" Resolution="1"  DerivationMethod="Man"  ><pm:Type Code="157984" SymbolicCodeName="MDC_VOL_SYRINGE_ACTUAL"><pm:ConceptDescription Lang="en-US">MDC_VOL_SYRINGE_ACTUAL</pm:ConceptDescription></pm:Type><pm:Unit Code="263762" SymbolicCodeName="MDC_DIM_MILLI_L"><pm:ConceptDescription Lang="en-US">MDC_DIM_MILLI_L</pm:ConceptDescription></pm:Unit></pm:Metric></pm:Channel><pm:Channel SafetyClassification="MedA" Handle="cdic"><pm:Type Code="70079" SymbolicCodeName="MDC_DEV_PUMP_CLINICIAN_DOSE_INFO"><pm:ConceptDescription Lang="en-US">Clinician Dose Info</pm:ConceptDescription></pm:Type><pm:Metric xsi:type="pm:NumericMetricDescriptor" SafetyClassification="MedA" Handle="77" MetricCategory="Msrmt" MetricAvailability="Cont" Resolution="1"  ><pm:Type Code="158104" SymbolicCodeName="MDC_VOL_FLUID_DELIV_FOR_DOSE"><pm:ConceptDescription Lang="en-US">MDC_VOL_FLUID_DELIV_FOR_DOSE</pm:ConceptDescription></pm:Type><pm:Unit Code="-1" SymbolicCodeName="MDC_DIM_MILLI_L : CodedValue"><pm:ConceptDescription Lang="en-US">MDC_DIM_MILLI_L : CodedValue</pm:ConceptDescription></pm:Unit></pm:Metric><pm:Metric xsi:type="pm:NumericMetricDescriptor" SafetyClassification="MedA" Handle="78" MetricCategory="Msrmt" MetricAvailability="Cont" Resolution="1"  ><pm:Type Code="158108" SymbolicCodeName="MDC_DOSE_DRUG_DELIV_FOR_DOSE"><pm:ConceptDescription Lang="en-US">MDC_DOSE_DRUG_DELIV_FOR_DOSE</pm:ConceptDescription></pm:Type><pm:Unit Code="-1" SymbolicCodeName="_UOM_DOSE_QUAN : CodedValue"><pm:ConceptDescription Lang="en-US">_UOM_DOSE_QUAN : CodedValue</pm:ConceptDescription></pm:Unit></pm:Metric><pm:Metric xsi:type="pm:NumericMetricDescriptor" SafetyClassification="MedA" Handle="clindose" MetricCategory="Msrmt" MetricAvailability="Cont" Resolution="1"  DerivationMethod="Man"  ><pm:Type Code="158019" SymbolicCodeName="MDC_DOSE_CLINICIAN"><pm:ConceptDescription Lang="en-US">MDC_DOSE_CLINICIAN</pm:ConceptDescription></pm:Type><pm:Unit Code="-1" SymbolicCodeName="_UOM_DOSE_QUAN : CodedValue"><pm:ConceptDescription Lang="en-US">_UOM_DOSE_QUAN : CodedValue</pm:ConceptDescription></pm:Unit></pm:Metric></pm:Channel><pm:Channel SafetyClassification="MedA" Handle="ldic"><pm:Type Code="70086" SymbolicCodeName="MDC_DEV_PUMP_LOADING_DOSE_INFO_CHAN"><pm:ConceptDescription Lang="en-US">Loading Dose Info</pm:ConceptDescription></pm:Type><pm:Metric xsi:type="pm:NumericMetricDescriptor" SafetyClassification="MedA" Handle="81" MetricCategory="Msrmt" MetricAvailability="Cont" Resolution="1"  ><pm:Type Code="158018" SymbolicCodeName="MDC_DOSE_LOADING"><pm:ConceptDescription Lang="en-US">MDC_DOSE_LOADING</pm:ConceptDescription></pm:Type><pm:Unit Code="-1" SymbolicCodeName="_UOM_DOSE_QUAN"><pm:ConceptDescription Lang="en-US">_UOM_DOSE_QUAN</pm:ConceptDescription></pm:Unit></pm:Metric></pm:Channel><pm:Channel SafetyClassification="MedA" Handle="genPumpSetCh"><pm:Type Code="70055" SymbolicCodeName="MDC_DEV_PUMP_INFUS_SYRINGE_CHAN"><pm:ConceptDescription Lang="en-US">MDC_DEV_PUMP_INFUS_CHAN</pm:ConceptDescription></pm:Type><pm:Metric xsi:type="pm:StringMetricDescriptor" SafetyClassification="MedA" Handle="dlibca" MetricCategory="Msrmt" MetricAvailability="Cont" DerivationMethod="Man"  ><pm:Type Code="184516" SymbolicCodeName="MDC_PUMP_DRUG_LIBRARY_CARE_AREA"><pm:ConceptDescription Lang="en-US">MDC_PUMP_DRUG_LIBRARY_CARE_AREA</pm:ConceptDescription></pm:Type><pm:Unit Code="262656" SymbolicCodeName="MDC_DIM_DIMLESS"><pm:ConceptDescription Lang="en-US">MDC_DIM_DIMLESS</pm:ConceptDescription></pm:Unit></pm:Metric></pm:Channel></pm:Vmd></pm:Mds></pm:MdDescription></msg:Mdib></msg:GetMdibResponse>